solver,SAT,UNSAT,UNKNOWN,Total,sat_average_split_number,unsat_average_split_number,sat_average_solving_time,unsat_average_solving_time,sat_average_split_number_common_solved 12,sat_average_solving_time_common_solved 12,unsat_average_split_number_common_solved 657,unsat_average_solving_time_common_solved 657,sat_unique_solved,unsat_unique_solved
ostrich,17,931,52,1000,0,0,15.019786722519818,5.494750383973249,0.0,8.03577047586441,0.0,4.724834154729974,0,0
this:fixed_termination_condition_0_graph_1_category_gnn_first_n_iterations_GCNSplit,24,961,15,1000,164.66666666666666,1974.8128898128898,6.074319102366765,7.5018485305710785,98.66666666666667,6.120017965634664,60.50837138508371,6.313880506352929,0,0
z3-noodler,22,939,39,1000,0,0,5.697510600090027,0.33177690104808544,0.0,4.973221182823181,0.0,0.07631103742068217,2,0
this:fixed_termination_condition_0_category,24,955,21,1000,244.79166666666666,1085.3403141361257,5.661370327075322,6.49822616876732,94.41666666666667,5.4898369908332825,126.2648401826484,5.716458400816315,0,0
cvc5,24,952,24,1000,0,0,0.47874154647191364,0.6444633580556437,0.0,0.04983152945836385,0.0,0.31729414981975584,0,1
woorpje,23,744,233,1000,0,0,2.973978737126226,12.471832667627643,0.0,0.0636675755182902,0.0,12.217141309648163,0,0
z3,17,960,23,1000,0,0,8.720259203630334,0.3896736187239488,0.0,1.1690062284469604,0.0,0.08291268530138733,0,0
this:fixed_termination_condition_0_category_random,22,944,34,1000,198.8181818181818,932.5815677966102,5.637584556232799,6.287762425208496,143.33333333333334,5.63537875811259,184.8371385083714,5.726382043989463,0,0
