solver,SAT,UNSAT,UNKNOWN,Total,sat_average_split_number,unsat_average_split_number,sat_average_solving_time,unsat_average_solving_time,sat_average_split_number_common_solved 391,sat_average_solving_time_common_solved 391,unsat_average_split_number_common_solved 4,unsat_average_solving_time_common_solved 4,sat_unique_solved,unsat_unique_solved
this:gnn:random_termination_condition_2_graph_4_GCNSplit,403,4,48,455,1801.712158808933,227.25,10.62473210389206,5.051024436950684,1244.8209718670078,9.152313152542504,227.25,5.051024436950684,0,0
this:gnn:random_termination_condition_0_graph_4_GCNSplit,415,5,35,455,41.3566265060241,5019.6,5.100745324628899,27.583015394210815,20.828644501278774,4.930692358090139,227.25,5.523167610168457,0,0
this:gnn:fixed_termination_condition_2_graph_4_GCNSplit,403,4,48,455,1807.4069478908189,227.25,11.101075471778662,6.495716691017151,1250.9718670076727,9.458640630287892,227.25,6.495716691017151,0,0
this:gnn:fixed_termination_condition_0_graph_4_GCNSplit,413,6,36,455,46.09443099273608,17119.5,5.2817845679368585,63.19394278526306,22.77749360613811,5.1094037273046,227.25,5.137315809726715,0,0
this:gnn_termination_condition_1_graph_4_GCNSplit,417,5,33,455,103.14868105515588,5019.6,5.823405639730769,33.71524529457092,22.66751918158568,5.254663233866777,227.25,6.270478308200836,0,0
this:gnn:random_termination_condition_1_graph_4_GCNSplit,416,6,33,455,80.1923076923077,17119.5,5.222574908572894,58.59035134315491,43.55498721227622,5.021287735160964,227.25,5.681260406970978,0,0
this:gnn_termination_condition_0_graph_4_GCNSplit,414,5,36,455,45.871980676328505,5019.6,5.464951018780326,26.89015574455261,22.66751918158568,5.214047911222024,227.25,5.728643953800201,0,0
this:gnn:fixed_termination_condition_1_graph_4_GCNSplit,417,6,32,455,103.29976019184652,17119.5,5.473475499690579,49.065123995145164,22.764705882352942,5.141427470595025,227.25,5.6854501366615295,0,0
this:gnn_termination_condition_2_graph_4_GCNSplit,400,4,51,455,1219.7075,227.25,11.88100664973259,5.244357764720917,1244.7902813299233,12.031079064244809,227.25,5.244357764720917,0,0
