solver,SAT,UNSAT,UNKNOWN,Total,sat_average_split_number,unsat_average_split_number,sat_average_solving_time,unsat_average_solving_time,sat_average_split_number_common_solved 23,sat_average_solving_time_common_solved 23,unsat_average_split_number_common_solved 50,unsat_average_solving_time_common_solved 50,sat_unique_solved,unsat_unique_solved
woorpje:,34,723,243,1000,0,0,12.39815397122327,12.334128537778208,0.0,0.06081327148105787,0.0,23.226641330718994,2,0
this:fixed_execute_termination_condition_1,32,79,889,1000,1946.21875,4227.037974683544,5.256226949393749,65.81047600130492,56.95652173913044,3.5792977084284243,796.58,38.26921021938324,0,0
ostrich:,27,926,47,1000,0,0,5.833417274333812,4.695551190468971,0.0,4.620891695437224,0.0,4.507481684684754,0,0
z3:,26,953,21,1000,0,0,5.642382502555847,0.4634013338579336,0.0,4.716460684071416,0.0,0.06688138961791992,0,10
this:gnn_execute_termination_condition_1_graph_5_GCNSplit,32,65,903,1000,214.28125,1471.246153846154,6.529606766998768,87.34402830417339,63.73913043478261,4.576184656309045,796.58,84.03312423706055,1,0
this:random_execute_termination_condition_1,32,79,889,1000,3861.8125,4227.037974683544,9.517628215253353,64.96426887753644,61.65217391304348,3.7594024202098018,796.58,38.54087575912476,0,0
cvc5:,32,943,25,1000,0,0,0.0833040252327919,0.32908301161303877,0.0,0.05494440120199452,0.0,0.28137381076812745,1,2
z3-noodler:,28,926,46,1000,0,0,22.653716206550598,0.31769469747275564,0.0,8.89625818833061,0.0,0.06016175746917725,0,0
