solver,SAT,UNSAT,UNKNOWN,Total,sat_average_split_number,unsat_average_split_number,sat_average_solving_time,unsat_average_solving_time,sat_average_split_number_common_solved 23,sat_average_solving_time_common_solved 23,unsat_average_split_number_common_solved 49,unsat_average_solving_time_common_solved 49,sat_unique_solved,unsat_unique_solved
woorpje:,34,723,243,1000,0,0,10.056359676753774,12.238608541000598,0.0,0.03686915273251741,0.0,23.691131489617483,1,0
this:random_execute_termination_condition_0,31,78,891,1000,2739.8387096774195,3932.4358974358975,6.6064731305645354,65.139220393621,81.52173913043478,4.135134790254676,751.4489795918367,38.512989652400115,0,0
ostrich:,27,926,47,1000,0,0,5.540293552257396,4.384836342628264,0.0,4.526868022006491,0.0,4.056118575894103,0,0
z3:,26,953,21,1000,0,0,6.435763735037583,0.45833243303008747,0.0,5.252654324407163,0.0,0.07703128639532596,0,10
this:fixed_execute_termination_condition_0,32,81,887,1000,1946.21875,4286.938271604939,5.189174503087997,66.7563728697506,56.95652173913044,3.6027198148810347,751.4489795918367,35.37820994610689,0,0
cvc5:,32,943,25,1000,0,0,0.09053783863782883,0.3356998040087023,0.0,0.06037160624628481,0.0,0.28426528950126806,0,2
this:gnn_execute_termination_condition_0_graph_4_GCNSplit,35,62,903,1000,1504.057142857143,1027.225806451613,17.60538664545332,80.33284217696036,138.1304347826087,5.369154525839764,751.4489795918367,79.53567067457705,0,0
z3-noodler:,28,926,46,1000,0,0,22.113451072147914,0.418403555456042,0.0,9.252657828123674,0.0,0.06072095462254116,0,0
