solver,SAT,UNSAT,UNKNOWN,Total,sat_average_split_number,unsat_average_split_number,sat_average_solving_time,unsat_average_solving_time,sat_average_split_number_common_solved 392,sat_average_solving_time_common_solved 392,unsat_average_split_number_common_solved 4,unsat_average_solving_time_common_solved 4,sat_unique_solved,unsat_unique_solved
this:gnn_termination_condition_0_graph_5_GCNSplit,415,5,35,455,45.956626506024094,5019.6,5.311730982883867,26.138638496398926,22.7984693877551,5.052795498955007,227.25,5.439393103122711,0,0
this:gnn:fixed_termination_condition_2_graph_5_GCNSplit,402,4,49,455,1514.8482587064677,227.25,10.307760758779535,5.108932316303253,1249.7397959183672,9.307307434325315,227.25,5.108932316303253,0,0
this:gnn:fixed_termination_condition_1_graph_5_GCNSplit,417,6,32,455,68.1462829736211,17119.5,5.294570242472404,54.77364043394724,22.834183673469386,5.089628928778123,227.25,5.512060821056366,0,0
this:gnn:random_termination_condition_2_graph_5_GCNSplit,402,4,49,455,1515.1094527363184,227.25,11.260519267907783,5.734189331531525,1245.2933673469388,10.202358865008062,227.25,5.734189331531525,0,0
this:gnn:random_termination_condition_0_graph_5_GCNSplit,414,6,35,455,41.2512077294686,17119.5,5.205273808488523,49.90910311539968,20.70408163265306,5.0286737850734164,227.25,6.098897576332092,0,0
this:gnn_termination_condition_2_graph_5_GCNSplit,400,4,51,455,1224.07,227.25,12.633872433304786,5.49417769908905,1246.234693877551,12.758732927697045,227.25,5.49417769908905,0,0
this:gnn_termination_condition_1_graph_5_GCNSplit,418,5,32,455,118.33492822966507,5019.6,5.548630456605026,31.831152534484865,22.7984693877551,5.042953814779009,227.25,7.112772643566132,0,0
this:gnn:random_termination_condition_1_graph_5_GCNSplit,416,6,33,455,42.19711538461539,17119.5,5.0538261739107275,51.077124873797096,20.757653061224488,4.893124862593048,227.25,5.91336715221405,0,0
this:gnn:fixed_termination_condition_0_graph_5_GCNSplit,416,6,33,455,45.96634615384615,17119.5,4.893372125350512,49.10078056653341,22.834183673469386,4.730632153092598,227.25,5.033499479293823,0,0
