solver,SAT,UNSAT,UNKNOWN,Total,sat_average_split_number,unsat_average_split_number,sat_average_solving_time,unsat_average_solving_time,sat_average_split_number_common_solved 403,sat_average_solving_time_common_solved 403,unsat_average_split_number_common_solved 2,unsat_average_solving_time_common_solved 2,sat_unique_solved,unsat_unique_solved
woorpje:,420,2,33,455,0,0,0.1695531476111639,3.63503634929657,0.0,0.17576998279940698,0.0,3.63503634929657,0,0
z3-noodler:,420,35,0,455,0,0,0.07586622124626523,0.08405110495431083,0.0,0.07566061682499964,0.0,0.08468317985534668,0,1
cvc5:,406,34,15,455,0,0,0.038903670357953155,0.03580157897051643,0.0,0.038803693970143056,0.0,0.04236018657684326,0,0
z3:,420,10,25,455,0,0,0.07377778178169614,0.10260171890258789,0.0,0.06156743608100834,0.0,0.045526981353759766,0,0
this:fixed_termination_condition_1,416,6,33,455,105.45913461538461,17119.5,5.106481367005752,17.702006300290424,51.02977667493796,5.10443450676892,246.0,5.033270716667175,0,0
this:gnn_termination_condition_1_graph_5_GCNSplit,418,5,32,455,118.33492822966507,5019.6,5.548630456605026,31.831152534484865,49.002481389578165,5.337600418119218,246.0,8.803242921829224,0,0
ostrich:,406,6,43,455,0,0,1.3945205370193632,1.2037494977315266,0.0,1.385776711456829,0.0,1.1894044876098633,0,0
this:random_termination_condition_1,415,6,34,455,61.334939759036146,17119.5,4.858357340456491,17.89641757806142,38.13151364764268,4.8593115623180685,246.0,4.378459811210632,0,0
