solver,SAT,UNSAT,UNKNOWN,Total,sat_average_split_number,unsat_average_split_number,sat_average_solving_time,unsat_average_solving_time,sat_average_split_number_common_solved 393,sat_average_solving_time_common_solved 393,unsat_average_split_number_common_solved 4,unsat_average_solving_time_common_solved 4,sat_unique_solved,unsat_unique_solved
this:gnn:random_termination_condition_0_graph_3_GCNSplit,417,6,32,455,41.43884892086331,17119.5,4.974704659528298,50.1131063302358,20.88295165394402,4.8159620106675245,227.25,5.442960321903229,0,0
this:gnn:random_termination_condition_1_graph_3_GCNSplit,415,6,34,455,45.144578313253014,17119.5,5.262123504316951,50.075961311658226,23.717557251908396,5.102130004771187,227.25,4.957199335098267,0,0
this:gnn:fixed_termination_condition_2_graph_3_GCNSplit,402,4,49,455,1516.2761194029852,227.25,10.843303388624049,6.313994348049164,1248.7531806615775,9.870915395309604,227.25,6.313994348049164,0,0
this:gnn_termination_condition_0_graph_3_GCNSplit,416,5,34,455,46.04086538461539,5019.6,5.17332433622617,24.302072715759277,22.821882951653944,4.948218991131577,227.25,5.406285285949707,0,0
this:gnn:fixed_termination_condition_0_graph_3_GCNSplit,416,6,33,455,46.04807692307692,17119.5,5.1129112874086085,50.60359366734823,22.826972010178118,4.944147609875706,227.25,5.114819645881653,0,0
this:gnn:random_termination_condition_2_graph_3_GCNSplit,404,4,47,455,2142.7004950495048,227.25,12.179067100628767,5.560384213924408,1242.2493638676845,9.772263041586063,227.25,5.560384213924408,0,0
this:gnn:fixed_termination_condition_1_graph_3_GCNSplit,417,6,32,455,61.29736211031175,17119.5,5.16860889931091,49.930262406667076,22.849872773536894,4.98030281552225,227.25,6.015069544315338,0,0
this:gnn_termination_condition_2_graph_3_GCNSplit,400,4,51,455,1224.6725,227.25,11.421814529895782,4.776755094528198,1243.8320610687024,11.53224680138605,227.25,4.776755094528198,0,0
this:gnn_termination_condition_1_graph_3_GCNSplit,418,5,32,455,117.29904306220095,5019.6,6.154889833984193,28.060193967819213,22.821882951653944,5.578451748719349,227.25,5.786267697811127,0,0
