solver,SAT,UNSAT,UNKNOWN,Total,sat_average_split_number,unsat_average_split_number,sat_average_solving_time,unsat_average_solving_time,sat_average_split_number_common_solved 396,sat_average_solving_time_common_solved 396,unsat_average_split_number_common_solved 4,unsat_average_solving_time_common_solved 4,sat_unique_solved,unsat_unique_solved
this:gnn:random_termination_condition_0_graph_2_GCNSplit,416,6,33,455,41.27644230769231,17119.5,5.255786373065068,51.32373336950938,20.767676767676768,5.092268852272419,227.25,5.603228211402893,0,0
this:gnn:random_termination_condition_2_graph_2_GCNSplit,403,4,48,455,1848.3548387096773,227.25,10.741967197683254,5.926360070705414,1232.0555555555557,9.110591651213289,227.25,5.926360070705414,0,0
this:gnn_termination_condition_0_graph_2_GCNSplit,416,5,34,455,46.10336538461539,5019.6,5.404445128372083,26.78685235977173,22.914141414141415,5.145276457372338,227.25,5.3723196387290955,0,0
this:gnn:random_termination_condition_1_graph_2_GCNSplit,417,6,32,455,42.3189448441247,17119.5,4.892444511683439,52.42673873901367,20.835858585858585,4.739003994850197,227.25,5.171297192573547,0,0
this:gnn:fixed_termination_condition_1_graph_2_GCNSplit,418,5,32,455,102.11483253588517,5019.6,5.704953292340183,28.395560598373415,22.893939393939394,5.34964958164427,227.25,6.75071656703949,0,0
this:gnn:fixed_termination_condition_0_graph_2_GCNSplit,416,6,33,455,46.06730769230769,17119.5,5.402226297901227,68.05000738302867,22.873737373737374,5.226591425712662,227.25,5.992561519145966,0,0
this:gnn_termination_condition_2_graph_2_GCNSplit,400,4,51,455,1221.77,227.25,11.57126475572586,6.83056378364563,1232.1237373737374,11.633797777421547,227.25,6.83056378364563,0,0
this:gnn_termination_condition_1_graph_2_GCNSplit,418,5,32,455,117.36124401913875,5019.6,5.408714974896189,25.458070087432862,22.914141414141415,4.920199098009052,227.25,5.389643311500549,0,0
this:gnn:fixed_termination_condition_2_graph_2_GCNSplit,402,4,49,455,1513.6492537313434,227.25,11.114206582159545,5.824480354785919,1237.5757575757575,9.980465158669636,227.25,5.824480354785919,0,0
