solver,SAT,UNSAT,UNKNOWN,Total,sat_average_split_number,unsat_average_split_number,sat_average_solving_time,unsat_average_solving_time,sat_average_split_number_common_solved 4,sat_average_solving_time_common_solved 4,unsat_average_split_number_common_solved 294,unsat_average_solving_time_common_solved 294,sat_unique_solved,unsat_unique_solved
woorpje,19,330,601,950,0,0,29.464992987482173,5.993538961266026,0.0,0.1951804757118225,0.0,5.004334744142026,1,0
z3-noodler,24,911,65,1000,0,0,4.891758273045222,0.3793624347703517,0.0,1.3493128418922424,0.0,0.35567062890448536,1,0
z3,11,859,130,1000,0,0,0.11626976186578925,0.16023364166996948,0.0,0.13984155654907227,0.0,0.062012486717327925,0,3
ostrich,12,917,71,1000,0,0,6.899896899859111,3.6879290239631546,0.0,3.322476804256439,0.0,4.164189489520326,0,2
this:fixed_termination_condition_0_graph_1_category_gnn_first_n_iterations_GCNSplit,11,821,168,1000,65.0909090909091,69.80998781973203,6.476408199830488,6.794787674960788,28.25,6.50894570350647,60.19387755102041,6.831796088186251,0,0
this:fixed_termination_condition_0_category,11,805,184,1000,62.54545454545455,81.55155279503106,4.947239767421376,5.204754650518761,29.25,4.899048984050751,82.43537414965986,5.263896002250464,0,0
this:fixed_termination_condition_0_category_random,10,894,96,1000,58.7,295.22595078299776,4.967258882522583,5.753767959490185,27.25,4.992906212806702,73.12244897959184,5.160886299042475,0,0
cvc5,12,915,73,1000,0,0,0.0745810071627299,0.5757314648133158,0.0,0.050824642181396484,0.0,0.7003493519867359,0,0
