solver,SAT,UNSAT,UNKNOWN,Total,sat_average_split_number,unsat_average_split_number,sat_average_solving_time,unsat_average_solving_time,sat_average_split_number_common_solved 390,sat_average_solving_time_common_solved 390,unsat_average_split_number_common_solved 4,unsat_average_solving_time_common_solved 4,sat_unique_solved,unsat_unique_solved
this:gnn:fixed_termination_condition_2_graph_1_GCNSplit,404,4,47,455,2014.7128712871288,227.25,10.715891874072575,4.979798793792725,1255.6512820512821,8.719641160964965,227.25,4.979798793792725,0,0
this:gnn:fixed_termination_condition_1_graph_1_GCNSplit,417,6,32,455,102.18465227817745,17119.5,5.40917666581609,45.41462961832682,22.843589743589742,5.1028837136733225,227.25,6.360767126083374,0,0
this:gnn_termination_condition_2_graph_1_GCNSplit,400,4,51,455,1223.205,227.25,11.921664983034134,5.884527146816254,1250.9333333333334,12.064078577359517,227.25,5.884527146816254,0,0
this:gnn:random_termination_condition_0_graph_1_GCNSplit,413,6,36,455,41.389830508474574,17119.5,5.144797598767223,50.05651752154032,20.84102564102564,4.984542517784314,227.25,5.266736567020416,0,0
this:gnn_termination_condition_0_graph_1_GCNSplit,413,5,37,455,46.0363196125908,5019.6,5.416654090904439,35.58223876953125,22.753846153846155,5.166223410459665,227.25,5.613490581512451,0,0
this:gnn:random_termination_condition_1_graph_1_GCNSplit,416,6,33,455,68.28365384615384,17119.5,5.169572075399069,45.820650378863014,20.72820512820513,4.9623366227516765,227.25,5.958194613456726,0,0
this:gnn:fixed_termination_condition_0_graph_1_GCNSplit,415,6,34,455,46.043373493975906,17119.5,5.376535737945373,47.86151854197184,22.879487179487178,5.19311550886203,227.25,5.559259474277496,0,0
this:gnn_termination_condition_1_graph_1_GCNSplit,417,5,33,455,104.41007194244604,5019.6,5.458488706776278,28.341995000839233,22.753846153846155,4.979876993252681,227.25,5.930480360984802,0,0
this:gnn:random_termination_condition_2_graph_1_GCNSplit,402,4,49,455,1511.7537313432836,227.25,10.124244388656237,5.577367722988129,1249.251282051282,9.25459581766373,227.25,5.577367722988129,0,0
