solver,SAT,UNSAT,UNKNOWN,Total,sat_average_split_number,unsat_average_split_number,sat_average_solving_time,unsat_average_solving_time,sat_average_split_number_common_solved 22,sat_average_solving_time_common_solved 22,unsat_average_split_number_common_solved 923,unsat_average_solving_time_common_solved 923,sat_unique_solved,unsat_unique_solved
this:fixed_termination_condition_0_graph_1_category_gnn_each_n_iterations_GCNSplit,24,955,21,1000,185.416666666667,1085.82722513089,6.64041330416997,7.62358922109554,156.045454545455,6.60353727774187,685.842903575298,7.32606246102024,0,0
this:fixed_termination_condition_0_graph_1_category_gnn_first_n_iterations_GCNSplit,24,954,22,1000,178.375,688.341719077568,6.56969677408536,7.83257482311761,145.909090909091,6.54672055894678,77.5146262188516,7.26443035915123,0,0
this:fixed_termination_condition_0_graph_1_category_gnn_formula_size_GCNSplit,24,955,21,1000,185.416666666667,1092.35706806283,6.79628875851631,7.77788902003104,156.045454545455,6.77420055866241,681.90465872156,7.44695055730165,0,0
this:fixed_termination_condition_0_graph_1_category_gnn_GCNSplit,23,945,32,1000,162.695652173913,180.056084656085,8.79805414573006,9.9181117022479,150.636363636364,8.55318142067302,74.465872156013,8.66763752589117,0,0
this:fixed_termination_condition_0_graph_1_gnn_first_n_iterations_category_GCNSplit,24,954,22,1000,186.666666666667,1305.68553459119,6.47384614745776,8.62028555275259,144.5,6.45991768620231,1073.90790899242,8.46908531674585,0,1
this:fixed_termination_condition_0_graph_1_hybrid_category_gnn_random_each_n_iterations_GCNSplit,22,944,34,1000,198.818181818182,805.614406779661,6.52786161682823,7.10588517229436,198.818181818182,6.52786161682823,553.130010834236,6.89050120883747,0,0
this:fixed_termination_condition_0_graph_1_hybrid_category_gnn_random_first_n_iterations_GCNSplit,23,945,32,1000,176.95652173913,1171.25396825397,6.69499435632125,8.39210716530129,166,6.67287234826522,578.218851570964,7.97123354305296,0,0
this:fixed_termination_condition_0_graph_1_hybrid_category_gnn_random_formula_size_GCNSplit,22,945,33,1000,198.818181818182,900.428571428571,6.72557221759449,7.32916098145581,198.818181818182,6.72557221759449,650.631635969664,7.12040794373592,0,0
this:fixed_termination_condition_0_graph_1_hybrid_category_gnn_random_GCNSplit,23,938,39,1000,167.782608695652,112.300639658849,8.71591902815777,8.20089264541292,155.636363636364,8.69561079415408,107.56338028169,8.10661003468225,0,0
