solver,SAT,UNSAT,UNKNOWN,Total,sat_average_split_number,unsat_average_split_number,sat_average_solving_time,unsat_average_solving_time,sat_average_split_number_common_solved 10,sat_average_solving_time_common_solved 10,unsat_average_split_number_common_solved 661,unsat_average_solving_time_common_solved 661,sat_unique_solved,unsat_unique_solved
this:fixed_termination_condition_0_graph_1_category_gnn_formula_size_GCNSplit,11,833,156,1000,62.54545454545455,195.8247298919568,6.094532663171941,9.41684726420857,49.9,6.097870922088623,61.48260211800302,6.331396819964479,0,0
this:fixed_termination_condition_0_graph_1_hybrid_category_gnn_random_first_n_iterations_GCNSplit,10,892,98,1000,59.2,225.6580717488789,6.082782316207886,7.49856860487985,59.2,6.082782316207886,171.55068078668683,7.496105501042192,0,0
this:fixed_termination_condition_0_graph_1_category_gnn_each_n_iterations_GCNSplit,11,805,184,1000,62.54545454545455,67.21614906832298,6.1288041201504795,6.38894069861181,49.9,6.080259513854981,61.50075642965204,6.404668128075651,0,0
this:fixed_termination_condition_0_graph_1_category_gnn_first_n_iterations_GCNSplit,11,815,174,1000,62.45454545454545,109.40981595092025,6.0835677710446445,6.777730513496633,49.8,6.043039488792419,53.96822995461422,6.684493771118764,0,1
this:fixed_termination_condition_0_graph_1_hybrid_category_gnn_random_each_n_iterations_GCNSplit,10,893,97,1000,58.7,286.66069428891376,5.85612211227417,6.98995759238855,58.7,5.85612211227417,210.7609682299546,6.7599450604096845,0,0
this:fixed_termination_condition_0_graph_1_hybrid_category_gnn_random_GCNSplit,10,876,114,1000,73.7,139.08333333333334,6.602838444709778,12.255815840202924,73.7,6.602838444709778,62.937972768532525,9.430338157648038,0,1
this:fixed_termination_condition_0_graph_1_gnn_first_n_iterations_category_GCNSplit,11,822,167,1000,62.45454545454545,77.79805352798054,6.132300745357167,7.036147207529296,49.8,6.158157706260681,62.05295007564297,7.070400910370289,0,0
this:fixed_termination_condition_0_graph_1_category_gnn_GCNSplit,10,776,214,1000,1368.5,91.10309278350516,14.093864798545837,11.806316816929689,1368.5,14.093864798545837,67.8426626323752,10.5843966335464,0,0
this:fixed_termination_condition_0_graph_1_hybrid_category_gnn_random_formula_size_GCNSplit,10,892,98,1000,58.7,371.5280269058296,6.188722610473633,7.285902947053781,58.7,6.188722610473633,279.3267776096823,6.948059145152659,0,0
